date,SPY,XLK,XLV,XLF,XLY,XLP,XLE,XLI,XLB,XLU,XLRE,XLC
2000-01-03,87.6727,18.8133,20.2774,11.1821,10.0702,12.3977,6.9107,16.9719,6.0855,5.5506,,
2000-02-01,86.3377,20.79,18.9515,9.9851,9.5091,10.947,6.6181,16.0355,5.4741,4.876,,
2000-03-01,94.705,22.5341,20.6562,11.8085,10.8548,11.3586,7.4417,18.2677,6.0265,5.4083,,
2000-04-03,91.379,20.4644,20.4142,11.9226,10.6288,11.9608,7.3306,18.5316,5.8263,5.7624,,
2000-05-01,89.9422,18.3366,19.867,12.1888,10.0551,12.8139,8.1914,18.4534,5.6424,5.7497,,
2000-06-01,91.7127,20.1621,19.9091,11.5976,9.5111,13.5393,7.7407,17.7276,5.1598,5.5544,,
2000-07-03,90.2726,19.1505,19.6144,12.62,9.662,13.0447,7.4457,18.0019,5.205,5.6404,,
2000-08-01,96.1711,21.0283,20.3089,13.9018,9.2614,12.8854,8.2589,19.7844,5.324,5.8602,,
2000-09-01,90.8951,17.2552,19.5723,14.2041,9.2727,13.4562,8.3947,19.2099,4.7979,6.6345,,
2000-10-02,90.4699,16.2669,19.867,14.0816,9.1563,14.3903,8.1665,19.642,5.2232,7.0199,,
2000-11-01,83.7161,12.9298,18.0571,13.3622,8.9293,14.8868,7.7381,18.9741,5.0911,7.0167,,
2000-12-01,83.2787,11.6508,18.3897,14.5024,9.5585,15.4283,8.5282,19.7237,6.1583,6.9209,,
2001-01-02,86.9812,13.8786,19.7192,14.468,10.6701,14.3034,8.2564,19.7995,5.9939,6.5315,,
2001-02-01,78.6843,10.422,19.3413,13.4946,9.9082,14.3899,8.1562,18.6129,6.0715,6.667,,
2001-03-01,74.2747,9.2276,18.1028,13.0904,9.7637,13.3918,7.9128,16.8303,5.7676,6.5715,,
2001-04-02,80.6208,10.7196,19.4393,13.5639,10.2165,13.6518,8.7299,18.7545,6.3827,6.8886,,
2001-05-01,80.1689,10.2806,20.1817,14.1607,10.4598,13.8523,8.6474,19.5394,6.6282,6.9369,,
2001-06-01,78.2588,10.4815,19.9538,14.0594,10.3774,13.2116,7.8593,18.3321,6.3995,6.5888,,
2001-07-02,77.4609,9.7559,19.5554,13.9257,10.8387,13.6137,7.7687,18.294,6.3821,6.5296,,
2001-08-01,72.8649,8.5653,18.5627,13.0049,9.8899,13.679,7.4398,17.6661,6.356,6.2969,,
2001-09-04,66.9169,7.1625,15.875,12.2721,8.6406,13.6625,6.724,15.0777,5.6031,6.2367,,
2001-10-01,67.7883,7.9439,15.9561,12.0981,9.0958,13.5752,6.9948,15.3452,5.7548,5.9085,,
2001-11-01,73.0743,9.1308,17.807,12.8838,10.307,14.175,6.6042,16.8803,6.4844,5.8339,,
2001-12-03,73.4862,8.9299,18.2378,13.1347,10.7753,13.8967,6.9817,17.7127,6.2902,6.0208,,
2002-01-02,72.7661,8.8332,18.1025,12.9849,11.1295,13.8037,6.7333,16.5936,6.4371,5.8039,,
2002-02-01,71.461,7.6858,18.9349,12.7602,11.1898,14.0937,6.9634,17.0093,6.7777,5.7932,,
2002-03-01,73.8385,8.063,20.0334,13.6043,11.3321,14.321,7.5798,17.4695,6.9862,6.1021,,
2002-04-01,69.5444,7.0881,19.9115,13.2586,11.0153,13.7887,7.3069,16.2638,6.6562,5.7318,,
2002-05-01,69.1317,6.7942,20.1891,13.2185,10.9587,13.6351,7.1784,16.3343,6.9862,5.6841,,
2002-06-03,64.0295,5.8863,18.7449,12.6531,10.3815,12.2457,6.9154,15.3325,6.8671,5.3018,,
2002-07-01,58.9827,5.3282,18.2032,11.6012,9.1419,11.7228,5.9573,14.4647,6.0883,4.5213,,
2002-08-01,59.3839,5.2835,18.3793,11.8176,9.4178,11.8164,6.047,14.2396,6.0557,4.7006,,
2002-09-03,53.1574,4.4017,17.2408,10.4594,8.5782,10.9623,5.6157,12.5964,5.2696,4.1316,,
2002-10-01,57.5314,5.4919,18.2462,11.4158,9.1571,11.3888,5.7192,13.2159,5.5705,4.0364,,
2002-11-01,61.08,6.3626,18.81,11.8408,9.5809,11.073,5.9553,13.9064,6.2408,4.1537,,
2002-12-02,57.6246,5.5217,18.1031,11.1991,8.7647,11.1043,5.9566,13.3601,5.9549,4.2883,,
2003-01-02,56.2074,5.3911,18.0417,11.0566,8.4726,10.7256,5.8072,12.6399,5.6578,4.1875,,
2003-02-03,55.4497,5.4172,17.6394,10.7156,8.4347,10.3971,5.9779,12.4452,5.5077,3.9636,,
2003-03-03,55.5686,5.3351,18.2682,10.6154,8.633,10.3983,5.9853,12.5775,5.5416,4.1644,,
2003-04-01,60.2704,5.8239,18.8699,11.9501,9.6433,10.7063,5.9344,13.9388,6.0421,4.5243,,
2003-05-01,63.5754,6.3238,19.2596,12.5586,10.156,11.2326,6.5646,14.3166,6.229,4.9814,,
2003-06-02,64.2527,6.3686,20.1102,12.6117,10.3032,11.3398,6.4803,14.6156,6.2852,5.049,,
2003-07-01,65.411,6.5663,19.8085,13.1614,10.4934,11.3229,6.2513,15.0986,6.7794,4.7112,,
2003-08-01,66.7602,6.8797,19.0748,13.0073,11.0297,11.5142,6.6501,15.6861,6.9674,4.8048,,
2003-09-02,66.0321,6.82,19.1245,13.1227,10.5033,11.4689,6.5128,15.2571,6.6534,5.0437,,
2003-10-01,69.5666,7.3199,19.2551,14.0316,11.4592,11.9882,6.5751,16.2004,7.2873,5.0783,,
2003-11-03,70.3264,7.4244,19.6677,13.98,11.562,12.1293,6.632,16.5214,7.4519,5.0898,,
2003-12-01,73.8644,7.6572,20.8059,14.614,12.0251,12.345,7.4942,17.6164,8.1824,5.4233,,
2004-01-02,75.3247,7.9841,21.3786,15.092,11.9564,12.345,7.6628,17.7941,7.8207,5.5348,,
2004-02-02,76.3469,7.7812,21.6064,15.5231,12.2161,13.0479,8.0654,17.6624,8.2284,5.6394,,
2004-03-01,75.3355,7.5745,20.7056,15.3429,12.1407,13.0155,8.0149,17.4464,8.0387,5.6996,,
2004-04-01,73.9101,7.2852,21.349,14.6749,12.003,13.1862,8.1515,17.4398,7.6664,5.4558,,
2004-05-03,75.1756,7.5708,21.2798,14.9254,12.0795,13.1122,8.1269,17.8692,7.8818,5.5215,,
2004-06-01,76.5663,7.7774,21.2003,14.9914,12.1107,13.1842,8.6337,18.9721,8.2774,5.6171,,
2004-07-01,74.0995,7.304,20.0626,14.6715,11.6512,12.5332,8.8997,18.4426,8.0888,5.7022,,
2004-08-02,74.28,6.9809,20.3887,15.1488,11.6283,12.7559,8.7626,18.4558,8.2248,5.9339,,
2004-09-01,75.0254,7.1838,20.0322,15.0093,11.9636,12.42,9.6181,18.8526,8.5552,5.9715,,
2004-10-01,75.9921,7.4994,19.5868,15.0885,12.4467,12.5002,9.6759,19.0452,8.4745,6.2624,,
2004-11-01,79.375,7.8826,19.9695,15.5579,12.9682,12.8099,10.3285,20.2409,9.1639,6.5413,,
2004-12-01,81.7658,8.0889,21.0707,16.2011,13.574,13.2888,10.0371,20.7435,9.2864,6.7024,,
2005-01-03,79.9326,7.6329,20.4147,15.8508,12.9932,13.4443,10.3771,20.1627,9.0022,6.8444,,
2005-02-01,81.6035,7.6444,21.0289,15.7447,12.924,13.427,12.1181,20.3963,9.7112,6.9912,,
2005-03-01,80.1108,7.4949,20.9115,15.1457,12.773,13.3094,11.8868,20.3874,9.4532,7.0685,,
2005-04-01,78.6099,7.2305,21.6398,15.1723,11.9602,13.1706,11.2435,19.6437,8.7793,7.2867,,
2005-05-02,81.1431,7.7325,21.913,15.6204,12.6998,13.477,11.5569,20.2668,8.7229,7.2819,,
2005-06-01,81.2657,7.6329,21.7971,15.8152,12.645,13.2167,12.3633,19.733,8.5482,7.7154,,
2005-07-01,84.3751,8.0659,22.2888,16.062,13.3625,13.6408,13.2395,20.4852,9.0206,7.889,,
2005-08-01,83.5841,7.9892,22.2116,15.799,12.9228,13.4026,14.085,20.0016,8.6427,7.9403,,
2005-09-01,84.2547,8.0084,22.0885,15.9343,12.5555,13.5921,14.9703,20.3368,8.7092,8.276,,
2005-10-03,82.262,7.8245,21.4121,16.42,12.3004,13.5279,13.6175,20.0468,8.7282,7.7465,,
2005-11-01,85.8776,8.3188,21.6728,17.2027,12.7912,13.6505,13.8211,21.2134,9.3964,7.7342,,
2005-12-01,85.7131,8.0633,22.4227,17.2063,12.6817,13.6665,14.0698,21.3137,9.6653,7.8006,,
2006-01-03,87.7714,8.3333,22.7125,17.3584,12.907,13.69,16.1253,21.3747,10.1313,7.9895,,
2006-02-01,88.2739,8.3526,22.974,17.7278,13.0002,13.8073,14.6375,22.0395,9.9142,8.0938,,
2006-03-01,89.7311,8.5417,22.6805,17.7792,13.0767,13.9212,15.2588,23.0143,10.3767,7.719,,
2006-04-03,90.8646,8.4298,21.9784,18.5493,13.2438,14.0569,16.0273,23.5114,10.7455,7.8417,,
2006-05-01,88.1276,7.8819,21.5174,17.8502,13.0224,14.0863,15.5814,23.1096,10.3125,7.9693,,
2006-06-01,88.3578,7.8434,21.525,17.7676,12.9996,14.3456,15.977,23.0799,10.3656,8.1522,,
2006-07-03,88.7535,7.6389,22.6994,18.1742,12.5674,14.571,16.5119,21.7693,9.9781,8.5435,,
2006-08-01,90.6903,8.1751,23.3472,18.3885,12.8166,15.1343,15.6729,22.015,10.2784,8.7783,,
2006-09-01,93.1394,8.5049,23.7055,19.1287,13.6331,15.1267,15.1014,22.8556,10.3435,8.6506,,
2006-10-02,96.0748,8.849,23.784,19.5762,14.5147,15.3949,15.7456,23.5,10.9646,9.1088,,
2006-11-01,97.9853,9.0925,23.7555,19.7144,14.698,15.2638,17.0961,24.0758,11.4419,9.3505,,
2006-12-01,99.2952,9.0435,24.0038,20.4563,15.0167,15.6467,16.6144,24.1944,11.5042,9.4304,,
2007-01-03,100.7887,9.2263,24.7349,20.6456,15.4473,15.9642,16.4613,24.6989,11.9801,9.397,,
2007-02-01,98.8114,8.9619,24.14,20.0164,14.9658,15.7186,16.1241,24.4778,12.3766,9.8747,,
2007-03-01,99.9568,9.0669,24.2086,19.9217,14.9146,16.0434,17.138,24.6208,12.591,10.2507,,
2007-04-02,104.3844,9.4945,25.9784,20.6934,15.2675,16.4949,18.0165,25.7635,12.7796,10.7542,,
2007-05-01,107.9251,9.9728,26.4245,21.191,15.7264,16.7177,19.4181,27.1001,13.534,10.8033,,
2007-06-01,106.3469,9.9603,25.5398,20.3398,15.4516,16.3846,19.6713,27.1075,13.4622,10.2904,,
2007-07-02,103.0172,9.9409,24.3247,18.4959,14.5362,15.9182,19.6741,27.3644,13.1032,9.8796,,
2007-08-01,104.3392,10.1315,24.8816,18.9737,14.6266,16.2937,19.9108,27.3713,13.0134,10.0356,,
2007-09-04,108.3784,10.5143,25.6579,19.437,14.4979,17.0423,21.3839,28.6681,14.0615,10.4206,,
2007-10-01,109.8487,11.0718,26.137,19.1028,14.4271,17.3042,21.9271,28.2983,14.6459,11.1145,,
2007-11-01,105.594,10.2375,26.4708,17.5567,13.6398,17.7793,21.0037,27.4957,13.9079,11.1878,,
2007-12-03,104.4052,10.4414,25.7223,16.5336,12.9642,17.6317,22.743,27.459,14.0572,11.1675,,
2008-01-02,98.0928,9.1059,24.5495,16.6536,12.9166,16.6522,19.9485,25.9444,13.4673,10.347,,
2008-02-01,95.5578,8.675,23.8939,14.7619,12.4171,16.6093,21.7972,25.4185,13.7774,9.9223,,
2008-03-03,94.7033,8.7753,22.8081,14.328,12.1953,17.1475,21.2879,26.3414,13.5837,10.0816,,
2008-04-01,99.217,9.3238,23.0349,15.3304,12.4851,17.0182,23.4983,27.1161,14.3074,10.5971,,
2008-05-01,100.7169,9.931,23.474,14.2646,12.8265,17.5352,24.7199,27.3556,15.0513,10.977,,
2008-06-02,92.2995,9.0007,22.4808,11.7755,11.347,16.5358,25.5001,24.0659,14.1759,10.8951,,
2008-07-01,91.4701,8.7807,23.488,12.5718,11.3669,16.9376,21.4422,24.257,13.7173,10.1938,,
2008-08-01,92.8837,8.9379,23.9732,12.4497,12.1518,17.395,21.5142,24.9222,13.5033,10.0813,,
2008-09-02,84.1364,7.8253,22.1917,11.6713,11.1551,17.1774,18.302,21.9136,11.4132,8.9741,,
2008-10-01,70.2382,6.5638,19.6439,9.1129,9.188,15.0115,14.8613,17.9151,8.8572,7.8075,,
2008-11-03,65.3492,6.0119,18.4032,7.4288,8.1924,14.9804,14.5375,16.4423,7.9106,8.1343,,
2008-12-01,65.9896,6.1075,19.7264,7.4563,8.6898,14.9828,13.8834,16.8248,7.865,7.939,,
2009-01-02,60.5709,5.8181,19.4887,5.5029,7.7672,13.9032,13.6364,14.8061,7.2839,7.9253,,
2009-02-02,54.0626,5.5962,17.074,4.5262,7.0622,12.7796,11.9548,12.2845,6.6994,6.9326,,
2009-03-02,58.567,6.2219,18.0994,5.2995,7.9589,13.3226,12.4035,13.3677,7.7282,7.0644,,
2009-04-01,64.3854,6.8712,18.077,6.4544,9.4332,13.8908,13.3734,15.783,8.9322,7.1474,,
2009-05-01,68.1489,7.0305,19.3105,7.3566,9.3644,14.598,15.0969,16.3125,9.4541,7.4018,,
2009-06-01,68.1044,7.2864,19.7682,7.2253,9.3881,14.627,14.1081,16.0345,9.0252,7.7994,,
2009-07-01,73.1854,7.8826,20.9403,7.8662,10.2789,15.6005,14.8627,17.4364,10.1866,8.093,,
2009-08-03,75.8888,8.0106,21.5038,8.888,10.6409,15.7913,15.0242,18.2688,10.4279,8.1741,,
2009-09-01,78.5799,8.3817,21.6361,9.0611,11.2101,16.3142,15.902,19.3346,10.8681,8.2867,,
2009-10-01,77.0692,8.2773,21.1833,8.5214,10.9449,16.5513,16.2942,18.5639,10.306,8.0212,,
2009-11-02,81.8171,8.7351,23.153,8.8913,11.6794,17.16,16.7573,20.1934,11.416,8.4082,,
2009-12-01,83.3801,9.2421,23.5768,8.766,12.2151,17.122,16.9049,20.5315,11.6522,8.8683,,
2010-01-04,80.3498,8.4477,23.7362,8.6321,11.8622,16.9474,16.1607,20.2286,10.6456,8.4423,,
2010-02-01,82.8563,8.7423,23.8272,8.9365,12.5228,17.4842,16.647,21.3072,11.1259,8.3308,,
2010-03-01,87.9009,9.3403,24.4628,9.7317,13.5005,18.1429,17.116,23.1595,12.0067,8.5549,,
2010-04-01,89.2607,9.4571,23.5111,9.8598,14.3145,17.9481,17.8272,24.1455,12.0315,8.7799,,
2010-05-03,82.1685,8.7499,21.9807,8.9569,13.3073,17.1166,15.7859,21.9437,10.8846,8.2954,,
2010-06-01,77.9173,8.2777,21.5797,8.4437,12.0139,16.6833,14.8503,20.435,10.0866,8.2371,,
2010-07-01,83.2391,8.8945,21.8629,8.994,12.9666,17.6516,16.0939,22.5657,11.3807,8.8521,,
2010-08-02,79.4949,8.3954,21.5032,8.2909,12.4511,17.3245,15.3047,21.0012,11.0359,8.9804,,
2010-09-01,86.6142,9.3746,23.4521,8.7936,13.8234,18.3705,16.8346,23.422,11.8918,9.2403,,
2010-10-01,89.923,9.9162,23.9751,8.9223,14.5888,18.9569,17.7895,24.0959,12.6246,9.3405,,
2010-11-01,89.923,9.7534,23.2829,8.861,14.957,18.6604,18.8315,24.4178,12.7661,9.0578,,
2010-12-01,95.9344,10.2952,24.3547,9.8095,15.5697,19.4814,20.5863,26.2435,14.0475,9.3391,,
2011-01-03,98.1697,10.6222,24.4938,10.0863,15.4739,19.1956,22.0643,27.2746,14.0585,9.4523,,
2011-02-01,101.5798,10.8551,25.2585,10.3631,16.402,19.7539,23.6901,27.8541,14.4315,9.5685,,
2011-03-01,101.5923,10.6878,25.7161,10.1066,16.3067,20.0,24.136,28.4715,14.6845,9.5906,,
2011-04-01,104.5345,10.9656,27.3704,10.1004,16.9331,21.0696,24.3566,29.2539,14.9964,9.9788,,
2011-05-02,103.3622,10.8508,28.0461,9.7674,16.8871,21.5976,23.337,28.4451,14.5854,10.1925,,
2011-06-01,101.6182,10.5814,27.7309,9.4992,16.8504,21.0221,22.8883,28.2899,14.5269,10.1778,,
2011-07-01,99.5854,10.6266,26.6304,9.1588,16.6157,20.7529,23.2225,26.3451,14.0251,10.0836,,
2011-08-01,94.1106,10.0626,26.0684,8.2801,15.744,20.7932,20.8501,24.6131,13.0399,10.3025,,
2011-09-01,87.5774,9.7537,24.8985,7.3369,14.6585,20.108,17.8429,22.3216,10.8893,10.3247,,
2011-10-03,97.1362,10.7497,26.3345,8.3868,16.4077,21.0435,21.2584,25.5301,12.7793,10.7025,,
2011-11-01,96.7414,10.5886,26.5856,7.9582,16.29,21.6266,21.6121,25.8891,12.8052,10.813,,
2011-12-01,97.7523,10.5643,27.3739,8.1279,16.503,22.2257,21.1709,25.9549,12.5134,11.1733,,
2012-01-03,102.2856,11.2202,28.2498,8.7907,17.4757,21.911,21.6486,27.8544,13.888,10.7696,,
2012-02-01,106.7253,12.0151,28.5496,9.2284,18.2666,22.7319,22.9318,28.6312,13.8096,10.8348,,
2012-03-01,110.1579,12.5596,29.8278,9.9101,19.1289,23.4368,22.058,28.9076,13.8622,10.9836,,
2012-04-02,109.4225,12.4181,29.7485,9.678,19.3495,23.5056,21.9012,28.5947,13.7498,11.1763,,
2012-05-01,102.8511,11.631,28.6699,8.7874,18.2847,23.2305,19.5617,26.7867,12.6811,11.239,,
2012-06-01,107.0251,12.0085,30.3035,9.2267,18.6388,24.076,20.5026,27.6898,13.3041,11.7011,,
2012-07-02,108.2911,12.2322,30.6105,9.2393,18.5366,24.6715,21.5158,27.7985,13.1345,11.9953,,
2012-08-01,111.0041,12.7464,30.9693,9.5544,19.3924,24.5538,22.0966,28.2254,13.4398,11.4986,,
2012-09-04,113.8185,12.9396,32.1489,9.8662,19.9898,24.9851,22.7866,28.5409,13.9461,11.6331,,
2012-10-01,111.7472,12.1192,32.0759,10.0624,19.6829,24.6783,22.3227,28.5092,13.6544,11.7946,,
2012-11-01,112.3797,12.2281,32.2451,9.9738,20.3059,25.1315,22.0496,29.0097,13.9082,11.291,,
2012-12-03,113.3836,12.1803,32.1296,10.4375,20.3971,24.6096,22.2742,29.8285,14.3521,11.2893,,
2013-01-02,119.1877,12.4125,34.5703,11.068,21.5541,25.9988,24.1236,31.5443,14.9179,11.8258,,
2013-02-01,120.7084,12.5096,35.0054,11.2017,21.8981,26.8591,24.2297,32.2447,14.7153,12.1006,,
2013-03-01,125.2917,12.832,37.2274,11.6357,22.8563,28.1823,24.8458,33.0091,15.0408,12.7503,,
2013-04-01,127.6988,13.0567,38.2963,11.9487,23.5506,29.0114,24.52,32.7641,15.1829,13.51,,
2013-05-01,130.7137,13.4213,38.9274,12.6772,24.2018,28.3807,25.2186,34.4082,15.4708,12.2872,,
2013-06-03,128.9695,13.031,38.6973,12.4781,24.4005,28.2949,24.6471,33.8769,14.8329,12.3971,,
2013-07-01,135.6343,13.5189,41.4689,13.1453,25.6854,29.5217,25.944,35.879,15.6588,12.9341,,
2013-08-01,131.5663,13.3783,40.0059,12.4716,24.9543,28.1807,25.6764,34.9892,15.6394,12.2884,,
2013-09-03,135.7298,13.717,41.289,12.8235,26.3075,28.5671,26.2188,37.038,16.3322,12.4291,,
2013-10-01,142.015,14.4063,43.0682,13.2487,27.5138,30.3974,27.3197,38.8059,17.0164,12.8984,,
2013-11-01,146.224,14.8516,45.1004,13.8347,28.464,30.8712,27.3355,40.2266,17.238,12.6489,,
2013-12-02,150.0153,15.3765,45.4337,14.1457,29.1139,31.0841,28.1203,41.9236,18.082,12.7641,,
2014-01-02,144.7275,14.9807,45.8598,13.628,27.367,29.4786,26.4905,40.1347,17.2292,13.144,,
2014-02-03,151.3149,15.6389,48.7117,14.0421,29.1182,30.6285,27.8471,41.7631,18.4185,13.5978,,
2014-03-03,152.5698,15.7062,48.099,14.5099,28.2834,31.3002,28.4343,42.1626,18.5704,14.0535,,
2014-04-01,153.6304,15.7494,47.7947,14.2631,27.8988,32.1579,29.9285,42.7266,18.7236,14.6467,,
2014-05-01,157.1957,16.3414,49.1681,14.4774,28.7029,32.7394,30.4297,43.5484,19.2774,14.4874,,
2014-06-02,160.4407,16.6468,50.2112,14.8282,29.2594,32.6565,32.1073,43.7552,19.5888,15.1309,,
2014-07-01,158.2847,16.9289,50.2772,14.613,28.8867,31.5733,30.9942,41.9503,19.1982,14.1019,,
2014-08-01,164.5312,17.4846,52.7122,15.2324,30.1713,33.0298,31.671,43.7229,19.94,14.7959,,
2014-09-02,162.2614,17.3942,52.9416,15.171,29.3353,33.2243,29.2162,43.2216,19.6598,14.5187,,
2014-10-01,166.0828,17.6732,55.7249,15.6097,29.9555,34.4027,28.1845,44.8968,19.188,15.6846,,
2014-11-03,170.6455,18.5233,57.6633,15.9764,31.5874,36.3103,25.7342,46.2793,19.4893,15.8675,,
2014-12-01,170.2126,18.12,56.8541,16.2752,31.8686,35.9705,25.6801,46.2693,19.3806,16.4335,,
2015-01-02,165.1693,17.4846,57.5941,15.1432,30.9145,35.6219,24.509,44.6256,19.0255,16.8163,,
2015-02-02,174.4525,18.8825,60.0634,16.0251,33.5558,37.0981,25.6347,47.0134,20.5415,15.7409,,
2015-03-02,171.7125,18.2338,60.4482,15.9263,33.3938,36.3774,25.3385,45.8165,19.5339,15.5843,,
2015-04-01,173.4011,18.7354,59.7887,15.9395,33.376,36.1012,27.0042,45.7014,20.1907,15.5106,,
2015-05-01,175.6304,19.083,62.4826,16.2501,33.8148,36.4147,25.6031,45.8493,20.2667,15.6088,,
2015-06-01,172.063,18.2982,62.2377,16.1751,34.0023,35.7467,24.7111,44.6322,19.4662,14.6748,,
2015-07-01,175.9498,18.8197,64.0783,16.7258,35.665,37.7819,22.8108,44.7642,18.4846,15.5703,,
2015-08-03,165.2256,17.781,58.9748,15.5448,33.3354,35.5289,21.8409,42.3452,17.4427,15.0287,,
2015-09-01,161.0101,17.5371,55.6115,15.1075,33.1397,35.6674,20.2698,41.4119,16.1482,15.4672,,
2015-10-01,174.7056,19.3796,59.9023,16.0542,36.1342,37.7006,22.532,45.0476,18.3164,15.6315,,
2015-10-08,174.7056,19.3796,59.9023,16.0542,36.1342,37.7006,22.532,45.0476,18.3164,15.6315,21.5582,
2015-11-02,175.3441,19.5173,59.7092,16.3743,36.0494,37.3529,22.5287,45.4377,18.4984,15.2992,21.4189,
2015-12-01,172.3134,19.1111,60.7379,15.987,35.0248,38.4428,20.1594,44.2689,17.6955,15.6235,21.9614,
2016-01-04,163.7345,18.4016,56.0495,14.5715,33.2096,38.6484,19.4542,41.7469,15.8005,16.396,20.5571,
2016-02-01,163.5992,18.2811,55.8465,14.1489,33.3575,38.7702,18.9095,43.5256,17.0353,16.7136,20.6557,
2016-03-01,174.6035,19.8938,57.3592,15.1618,35.5916,40.6072,20.8319,46.5609,18.3256,18.0468,22.8653,
2016-04-01,175.2917,18.8938,59.0608,15.7076,35.6366,40.0256,22.7202,47.1401,19.2621,17.6104,22.3107,
2016-05-02,178.2737,19.8176,60.3803,16.0042,35.6546,40.3011,22.5082,46.9386,19.1966,17.8759,22.6946,
2016-06-01,178.8937,19.5445,60.925,15.4868,35.2483,42.4607,23.1207,47.2734,19.0462,19.2394,24.0791,
2016-07-01,185.4182,20.9325,63.8946,16.0219,36.8558,42.1142,22.8293,48.9867,20.012,19.1111,24.859,
2016-08-01,185.6402,21.1759,61.8214,16.6385,36.3771,41.8678,23.2122,49.451,19.9586,18.0514,23.9286,
2016-09-01,185.6511,21.621,61.5063,16.1723,36.2801,41.2207,24.0681,49.543,19.7269,18.1166,23.6151,
2016-10-03,182.4324,21.4581,57.4548,16.541,35.4008,40.9031,23.3898,48.5501,19.3138,18.2793,22.3035,
2016-11-01,189.153,21.4943,58.6404,18.8621,37.1006,39.1833,25.3702,52.963,20.6317,17.2882,21.6261,
2016-12-01,192.9874,21.98,59.0604,19.5706,37.1151,40.3575,25.8094,53.1251,20.6682,18.1352,22.5664,
2017-01-03,196.4408,22.7617,60.414,19.6211,38.679,41.0443,24.9802,54.1155,21.608,18.3629,22.537,
2017-02-01,204.1593,23.7935,64.2434,20.6565,39.3812,43.0032,24.4593,56.233,21.7286,19.33,23.5864,
2017-03-01,204.4146,24.3231,63.9347,20.0458,40.2215,42.8215,24.0959,55.8025,21.8638,19.3038,23.3378,
2017-04-03,206.4436,24.8113,64.9149,19.8769,41.1865,43.2922,23.3858,56.9004,22.1391,19.4505,23.3748,
2017-05-01,209.3571,25.7923,65.4135,19.6404,41.6392,44.4377,22.5584,57.9125,22.1433,20.2557,23.5299,
2017-06-01,210.6919,25.067,68.401,20.9196,41.1148,43.4363,22.5333,58.695,22.5531,19.707,23.9801,
2017-07-03,215.0225,26.1848,68.9621,21.2758,41.9084,43.7367,23.1233,58.8674,22.901,20.1848,24.2706,
2017-08-01,215.6498,26.9498,70.1706,20.945,41.1286,43.2544,21.8565,58.9966,23.0812,20.8486,24.5163,
2017-09-01,219.9947,27.1702,70.8102,22.0201,41.4675,42.9452,24.0821,61.4653,23.9345,20.2738,24.1816,
2017-10-02,225.1787,28.9402,70.273,22.6503,42.3467,42.2371,23.8816,61.9242,24.8615,21.0649,24.3767,
2017-11-01,232.0614,29.3494,72.3177,23.4337,44.4919,44.592,24.3001,64.504,25.0975,21.6305,25.0892,
2017-12-01,234.8762,29.5096,71.9196,23.8761,45.5856,45.5967,25.5807,65.8641,25.6313,20.3201,24.9793,
2018-01-02,248.1136,31.5861,76.6342,25.4416,49.7982,46.3421,26.4976,69.3979,26.656,19.6875,24.5015,
2018-02-01,239.0921,31.4569,73.1896,24.6974,48.0707,42.8075,23.6266,66.7171,25.2502,18.9238,22.8332,
2018-03-01,232.5382,30.2823,71.0549,23.6711,46.9243,42.4193,24.0336,64.9235,24.2032,19.6422,23.7077,
2018-04-02,233.74,30.3008,71.8056,23.5681,48.0408,40.6622,26.3154,63.1145,24.233,20.0426,23.5627,
2018-05-01,239.422,32.3561,71.9366,23.3363,48.9951,40.0255,27.1033,65.0546,24.7303,19.821,24.0891,
2018-06-01,240.7986,32.2709,73.123,22.9286,50.7681,41.8543,27.2578,62.8499,24.7984,20.3788,25.1635,
2018-06-19,240.7986,32.2709,73.123,22.9286,50.7681,41.8543,27.2578,62.8499,24.7984,20.3788,25.1635,45.9256
2018-07-02,249.7193,32.9445,77.9156,24.1013,51.6831,43.5112,27.6814,67.4915,25.5073,20.7043,25.4251,44.9335
2018-08-01,257.6903,35.1185,81.2887,24.429,54.3214,43.6818,26.7194,67.6494,25.3108,20.971,26.0405,45.6011
2018-09-04,259.2221,35.1117,83.6902,23.8878,54.6095,44.113,27.373,69.1224,24.8563,20.835,25.3516,45.5572
2018-10-01,241.3087,32.3011,78.017,22.7618,49.0936,44.9964,24.2721,61.6106,22.5736,21.2466,24.9473,42.8052
2018-11-01,245.7848,31.6672,84.3234,23.3594,50.3095,46.0189,23.8927,63.9559,23.4318,21.9984,26.3156,41.8475
2018-12-03,224.1442,29.0146,76.4361,20.7598,46.3068,41.9165,20.9206,57.1388,21.8177,21.1197,24.3826,38.5046
2019-01-02,242.0905,31.0276,80.1117,22.6074,50.8762,44.0709,23.2662,63.6679,23.0398,21.8541,27.0017,43.0285
2019-02-01,249.938,33.1716,80.9776,23.1129,51.545,44.8551,23.8024,67.722,23.774,22.752,27.3006,42.8326
2019-03-01,254.4622,34.7534,81.3678,22.5214,53.4291,46.5699,24.3088,66.9436,24.0719,23.3871,28.6511,43.7024
2019-04-01,264.8576,36.9655,79.1596,24.5449,56.3481,47.8979,24.3052,69.6024,24.9177,23.6042,28.5008,46.7859
2019-05-01,247.9673,33.7625,77.4036,22.7842,52.0635,46.1549,21.6066,64.2847,22.8792,23.4193,28.8489,44.0014
2019-06-03,265.2221,36.7803,82.5077,24.3001,56.1327,48.564,23.6368,69.3764,25.5249,24.1655,29.3167,46.102
2019-07-01,269.2321,38.0669,81.1717,24.8724,56.8485,49.7014,23.2621,69.7348,25.4551,24.1331,29.827,47.5632
2019-08-01,264.7243,37.4825,80.6908,23.7014,56.3117,50.7802,21.3254,67.8888,24.7352,25.361,31.2622,46.3924
2019-09-03,269.8749,38.0721,80.6056,24.778,57.0277,51.6695,22.1646,69.9332,25.5218,26.4392,31.5759,46.4912
2019-10-01,275.8404,39.5566,84.7374,25.3974,57.0985,51.4508,21.7003,70.726,25.5175,26.2391,31.5679,47.5239
2019-11-01,285.8253,41.6793,88.9765,26.6806,57.8545,52.1574,22.0485,73.906,26.3287,25.7491,31.0221,49.3453
2019-12-02,294.1301,43.4801,92.0687,27.3768,59.4531,53.4159,23.1516,73.7574,27.0823,26.5963,31.3762,50.4594
2020-01-02,294.0113,45.2161,89.6101,26.6474,59.4057,53.5855,20.6066,73.4314,25.4111,28.3908,31.8306,50.7228
2020-02-03,270.7357,41.9149,83.7078,23.65,54.9071,49.1836,17.4562,66.1616,23.2461,25.5921,29.8508,47.7591
2020-03-02,236.9282,38.3194,80.4538,18.675,46.7186,46.4628,11.4562,53.8384,19.9924,23.034,25.3412,41.7418
2020-04-01,267.0141,43.5832,90.5809,20.4421,55.5403,49.6956,14.9806,58.5827,23.0286,23.8031,27.7282,47.4407
2020-05-01,279.7361,46.7109,93.56,20.9982,59.1557,50.523,15.2802,61.7394,24.6132,24.8132,28.3249,50.9695
2020-06-01,284.6973,49.9569,91.2748,20.8884,60.9741,50.4096,15.1129,62.9575,25.1501,23.6539,28.6751,51.0914
2020-07-01,301.4637,52.7968,96.2549,21.6918,65.4095,53.8997,14.3862,65.7342,26.9399,25.4982,29.8695,54.9583
2020-08-03,322.5049,59.0695,98.7449,22.6216,71.6592,56.3755,14.2344,71.306,28.1137,24.8359,29.8613,59.8084
2020-09-01,310.4293,55.9181,96.5918,21.8474,70.3239,55.4313,12.1551,70.8195,28.5373,25.1045,29.2289,56.2778
2020-10-01,302.6892,53.1198,93.0937,21.6568,68.4053,53.8402,11.6559,69.7983,28.3311,26.3728,28.3007,56.0883
2020-11-02,335.6148,59.1668,100.4929,25.3056,75.2425,57.8613,14.9189,80.9852,31.8332,26.5673,30.2482,61.9624
2020-12-01,348.0488,62.4456,104.3094,26.9014,77.0692,58.8166,15.5874,81.8006,32.6234,26.7321,30.6906,64.0352
2021-01-04,344.502,61.9221,105.7714,26.4178,77.6588,55.8867,16.1714,78.3087,31.8347,26.4976,30.8585,63.4658
2021-02-01,354.0811,62.7674,103.5462,29.4839,77.2466,55.1978,19.8029,83.7036,33.1461,24.8818,31.3454,67.9164
2021-03-01,370.1559,63.9202,107.7164,31.2094,80.6916,59.8886,20.3913,91.2259,35.6618,27.5073,33.4815,69.7
2021-04-01,389.741,67.2363,111.9516,33.235,85.9008,61.0021,20.5284,94.4506,37.5807,28.6585,36.2625,74.1964
2021-05-03,392.3001,66.6106,114.0461,34.8207,82.9817,62.0804,21.7005,97.4065,39.4905,27.9884,36.6779,74.8999
2021-06-01,401.0983,71.1977,116.668,33.7624,85.8503,61.7424,22.6194,95.1861,37.4118,27.3703,37.8286,77.1106
2021-07-01,410.8901,73.9653,122.411,33.6059,86.7543,63.1014,20.7383,96.0785,38.1891,28.5564,39.578,78.4725
2021-08-02,423.1181,76.598,125.2455,35.3359,88.3025,63.7632,20.3226,97.1475,38.9118,29.6689,40.6873,81.539
2021-09-01,403.3986,72.1247,118.334,34.6848,86.4121,61.1239,22.1377,91.2411,36.1144,27.8611,38.1434,76.4222
2021-10-01,431.7025,78.0224,124.3948,37.2079,96.8615,63.2638,24.4242,97.4426,38.858,29.1826,41.0353,76.6034
2021-11-01,428.2338,81.4953,120.5928,35.0822,98.4458,62.4114,23.2002,93.9735,38.6435,28.6854,40.6663,71.9004
2021-12-01,448.042,84.1418,131.4701,36.2625,98.5932,68.9363,23.8924,99.0458,41.5737,31.4648,44.8403,74.2565
2022-01-03,424.4117,78.3829,122.456,36.2718,89.194,67.9171,28.3781,94.2999,38.7474,30.4406,40.9716,70.6908
2022-02-01,411.8843,74.5599,121.2709,35.7704,85.5674,66.9606,30.3842,93.5043,38.2565,29.8603,39.007,65.4332
2022-03-01,427.3672,77.0539,128.2296,35.7239,89.3551,68.1534,33.2216,96.7174,40.5971,32.9495,42.0589,65.9158
2022-04-01,389.8576,68.5645,121.9581,32.172,78.6712,69.725,32.661,89.3542,39.1602,31.5334,40.5618,56.6006
2022-05-02,390.7376,68.0943,123.774,33.0669,74.6429,66.8781,37.898,88.941,39.6207,32.8919,38.4902,57.674
2022-06-01,358.5171,61.7881,120.5347,29.4733,66.5526,65.2992,31.414,82.3838,34.1287,31.279,35.8492,52.1354
2022-07-01,391.532,70.0997,124.4447,31.5913,78.8242,67.389,34.4495,90.2128,36.2293,32.9828,38.9024,54.1528
2022-08-01,375.5567,65.7446,117.2638,30.9728,75.2807,66.1405,35.3632,87.6566,34.968,33.1567,36.7178,52.241
2022-09-01,340.8384,57.8769,114.2868,28.6015,69.1029,60.7614,31.983,78.5132,31.7149,29.4163,31.8814,46.1036
2022-10-03,368.5402,62.3061,125.271,32.0118,69.8693,66.2339,39.9677,89.422,34.5455,29.9866,32.5188,46.4116
2022-11-01,389.0279,66.248,131.1878,34.2069,70.9075,70.2858,40.4784,96.407,38.5885,32.0746,34.7411,49.5885
2022-12-01,366.6093,60.8089,128.7245,32.4211,62.8276,68.3687,39.2441,93.5246,36.4589,31.916,33.0669,46.3136
2023-01-03,389.6644,66.4382,126.3651,34.6584,72.3325,67.6259,40.3477,96.991,39.7303,31.2777,36.344,53.1559
2023-02-01,379.8672,66.7119,120.4998,33.8621,70.7953,66.0577,37.5481,96.153,38.4067,29.4261,34.213,51.6311
2023-03-01,393.952,73.9555,123.1481,30.629,72.963,68.8449,37.5503,96.7483,38.0224,30.8698,33.7079,56.0979
2023-04-03,400.2454,73.8673,127.0197,31.6008,72.1433,71.3605,38.593,95.62,37.9705,31.4581,34.0415,57.9656
2023-05-01,402.093,80.4543,121.5976,30.2575,73.973,66.965,34.7214,92.6079,35.3638,29.6111,32.4995,60.23
2023-06-01,428.1489,85.3259,126.7811,32.2611,83.0189,68.8394,37.1322,103.0344,39.2592,30.0886,34.3209,63.0813
2023-07-03,442.1636,87.5295,128.1375,33.8114,84.9402,70.3058,40.0188,106.0106,40.6094,30.838,34.7762,66.6773
2023-08-01,434.9776,86.2093,127.2396,32.9023,83.4589,67.5307,40.6776,103.9081,39.2687,28.9483,33.7108,65.6499
2023-09-01,414.3448,80.6244,123.4744,31.8862,78.8419,64.2974,41.655,97.7281,37.3922,27.3149,31.2719,63.7148
2023-10-02,405.3499,80.6637,119.4462,31.1075,74.4928,63.4097,39.2586,94.8169,36.2069,27.6672,30.3815,62.8888
2023-11-01,442.3762,91.0658,125.9393,34.5105,82.6621,66.0261,38.9775,103.1939,39.2297,29.0902,34.1724,67.7959
2023-12-01,462.5731,94.8748,131.3875,36.3237,87.731,67.8165,39.0077,110.4851,41.0043,29.6309,37.1608,70.7776
2024-01-02,469.9402,97.4379,135.2411,37.4443,83.8599,68.6544,38.8076,109.4189,39.408,28.7513,35.3705,73.9141
2024-02-01,494.4649,102.0219,139.5186,38.9706,90.4786,70.0949,40.0778,117.2796,41.9726,29.0554,36.2796,77.304
2024-03-01,510.6348,102.8273,142.836,40.8434,90.42,72.4225,44.2805,122.4644,44.6875,30.9702,36.9184,79.7597
2024-04-01,490.0462,96.9026,135.6811,39.1368,86.3536,71.6068,43.863,118.1476,42.6381,31.4844,33.7991,76.0481
2024-05-01,514.8326,103.7604,138.9395,40.378,86.5257,73.3519,43.7129,120.0824,44.0332,34.3054,35.5362,81.3224
2024-06-03,532.996,111.8905,141.4737,40.0219,89.8803,73.1795,43.0947,118.8949,42.6867,32.404,36.237,83.8878
2024-07-01,539.4501,108.2157,145.2399,42.5823,92.3885,74.3931,44.0686,124.7387,44.5381,34.6153,38.8597,84.0151
2024-08-01,552.0547,108.9724,152.5878,44.5293,92.2061,78.8462,43.1561,128.2508,45.5725,36.2797,41.0862,85.5135
2024-09-03,563.6504,111.8586,150.0587,44.2805,98.939,79.7359,41.8539,132.5627,46.7957,38.6753,42.4387,88.7984
2024-10-01,558.6206,110.1145,143.0926,45.4138,97.2206,76.9691,42.2305,130.9869,45.344,38.2587,41.0421,90.4094
2024-11-01,591.9331,115.8075,143.6187,50.1624,109.7676,79.9472,45.5387,140.931,46.0189,39.7046,42.7522,96.6567
2024-12-02,577.6906,115.3968,134.6386,47.4228,110.9898,76.0915,41.1763,129.6098,41.066,36.5385,39.0536,95.3421
2025-01-02,593.2053,114.5481,143.7404,50.5038,114.8585,76.4497,42.1281,136.0922,43.3355,37.5957,39.7738,100.8276
2025-02-03,585.6747,111.9277,145.7566,51.2005,106.8392,80.4183,43.7432,134.1052,43.3209,38.2426,41.4351,100.4534
2025-03-03,553.0409,102.6534,143.4516,49.0525,97.9558,79.4723,45.2714,129.3271,42.164,38.3342,40.4436,95.2687
2025-04-01,548.2459,104.3884,138.0087,48.0185,97.8566,79.6279,38.9979,129.4751,41.139,38.3585,39.9121,94.271
2025-05-01,582.7004,114.7989,130.3159,50.185,106.0617,80.601,39.4968,140.9208,42.3405,39.8267,40.3276,100.158
2025-06-02,612.6529,126.1042,133.0604,51.7504,108.0421,79.3316,41.4202,146.0013,43.2807,39.9759,40.3905,107.4609
2025-07-01,626.7632,130.84,128.7564,51.7504,110.0803,78.1657,42.5923,150.4451,43.2412,41.939,40.3808,106.3519
2025-08-01,639.6241,130.6956,135.6665,53.3512,115.2058,79.1454,44.1454,150.4451,45.4839,41.2781,41.2584,110.2927
2025-09-02,662.4079,140.5418,138.0125,53.4078,119.3433,77.3111,44.0048,153.2729,44.3824,42.9803,41.3961,117.6127
2025-10-01,678.198,149.9259,143.0503,51.9207,119.4877,75.2493,43.4088,154.0977,42.4262,43.9117,40.1875,114.0755
2025-11-03,679.5205,142.7158,156.3388,52.8725,117.7596,78.2976,44.5515,152.7362,44.2734,44.6658,40.9441,114.6518
2025-12-01,680.0628,143.7912,154.1662,54.4899,119.1706,77.2452,44.4196,154.6854,45.1489,42.3936,40.0805,117.3455
2026-01-02,690.0854,143.7013,154.1065,53.1667,120.9271,83.0426,50.7185,164.9764,49.0516,42.9497,41.1533,119.698
2026-02-02,684.1217,138.5877,159.5441,51.167,116.6257,89.5062,55.5568,176.6437,53.1732,47.3986,43.5472,117.6745
2026-03-02,650.34,132.9,146.61,49.37,108.98,81.98,61.26,161.73,49.97,45.89,40.83,110.86
2026-04-01,711.21,158.09,146.38,52.21,118.93,82.11,56.54,171.04,51.83,44.87,43.46,117.88
